{"z0": 50.0, "z1": -57.71697235107422, "uv": [[0.08639471977949142, 0.335243821144104], [0.08639471977949142, 0.6830639839172363], [0.4509061574935913, 0.39831340312957764], [0.4509061574935913, 0.6140367984771729], [0.5954535603523254, 0.4113060534000397], [0.5954535603523254, 0.5994518995285034], [0.852334201335907, 0.3783924877643585], [0.852334201335907, 0.6361761689186096]]}